{
  "project_info": {
    "project_number": "523475322082",
    "project_id": "prjfirebaseworldcup",
    "storage_bucket": "prjfirebaseworldcup.appspot.com"
  },
  "client": [
    {
      "client_info": {
        "mobilesdk_app_id": "1:523475322082:android:a1d7bb2003731ef02dcabb",
        "android_client_info": {
          "package_name": "com.example.worldcup"
        }
      },
      "oauth_client": [
        {
          "client_id": "523475322082-j6nsuiktf4un0o8tu68tq4tt8m2os87a.apps.googleusercontent.com",
          "client_type": 3
        }
      ],
      "api_key": [
        {
          "current_key": "AIzaSyA88mOP4ZWoDAido5hG94bIwqk63dDB9KY"
        }
      ],
      "services": {
        "appinvite_service": {
          "other_platform_oauth_client": [
            {
              "client_id": "523475322082-j6nsuiktf4un0o8tu68tq4tt8m2os87a.apps.googleusercontent.com",
              "client_type": 3
            }
          ]
        }
      }
    }
  ],
  "configuration_version": "1"
}